Username;Lingua
lamiadobermann;it
IsabeiaaFeh;en
vlasic85;it
BeniaminoGiust1;it
pistarino;it
marcoserventi;it
FonteComune;it
twi_sabino;it
Sandrodream74;it
Europol;en
Cesaremacc;it
EmmanuelTropee;fr
gattasorniona;it
Maurone;it
FrancoTrax;it
AssocAReS;it
maurocarafa31;it
rodrgtr;es
trekking_tv;it
Dianichis35;en
Daniela74Dl;it
LongoOlgaMaria;it
pak_62;en
arcuanto;it
EdizioniOggi;it
SergioBellano;it
paolafern75;it
ElenDuk;it
corrierebergamo;it
paolodon26;it
Juventology;it
carlodaverona;it
abioplastiche;it
AvvMdiBari;it
mmarchetti69;it
AEAFMA;es
mariovisco66;it
taccola10;it
gbsxf4;it
AntonioAlizzi82;it
RosiDelullo17;it
TerzoDiritto;it
a_portigliatti;it
VMaielli;it
Hades_0711;de
dirittofrontier;it
GiadaSanctis;it
eur_83;it
luidamato;it
Katowice71;it
proudman811;it
Agricolae1;it
norma_bruni;it
cayley__C;en
APapanikolop;en
BartoliTommy;it
GiuseppeR37;it
alehastasiempre;it
Marcello_Gatto;it
Tomrunner2;it
ccarchitetto;it
alexandercaper1;it
Elena07617349;it
marcotrulla;it
driano84;it
fondieuropei20;it
TRIESTEALLNEWS;it
BettoGigliola;it
TMilitari;it
frulrobyn;it
GargaDani;it
MammaNunmat64;it
alberto_pilotto;it
jacopogiliberto;it
michelesem90;it
giuliaturr;it
usatoscherma;en
leonenemeo;it
faellanta;it
caligola1974;it
ilzaga;it
marcof53;it
giornaleprociv;it
Consulenza_Agr;it
_Co_Bra_;it
PicchixFirenze;it
LuciaFino;it
VabScordia;it
matiolo1;it
CaioneMarcello;it
aviation_report;it
logos_kosmos;it
john1966olsen;da
iMagazineTwit;it
GazzdelCalatino;it
Mi_consento;it
caffeineheadx;it
mlgelm;it
IvanoCongiu;it
Toscanaccia1;it
LucaColucci1;it
LelloForlini;it
ALFONSODiego669;it
anglergangler;en
cormarch;en
michelecruscev;it
Damiano__89;it
snafribo;it
OllaPiero;it
DLA_Piper_Italy;it
AlessandraRaina;it
Desynina3;it
Cosi49Cosimo;it
grimaldeschi;it
RosariaGismon;it
SantinomySm;it
ElioPD;it
liliana14229842;it
24zampe;it
SilviaZennaro7;it
LindaRandisi;it
dfander00331750;ru
adriespo;it
MaterBi_it;it
ilmetropolitan;it
Radio1Rai;it
massimo_carta;it
federalberghi;it
CaleEuropaEdic;it
value4valuables;en
soemiade;it
Giampie71871776;it
annabonfi;it
MPrinzis;it
rCangiante;it
bighelius;it
umbriajournal_;it
MauroBat32;it
LiaStaropoli;it
Behemoth80;it
ruiciccio;it
battistabd;it
SilvanaAlbanes1;it
Superdopafly;en
vam237;it
marinvolant;fr
claudiomio;en
redspecial911;it
LaVoceRC;it
IlMondoDiAllie;it
luciarizzo64;it
Fmela24;it
Barbieri156D;it
salidaparallela;it
robertocosta_ge;it
robin_mura;it
markor988;it
Ilenia1970;it
BenedettaCasu;it
PSparlando;it
LauraViscusi;it
elisbro;it
woland1964;it
SMediaGreen;it
massimocm1;it
infoa360;it
7SirAlex;it
GiuseppeCanzane;it
arpaumbria;it
lumacapop;it
delicate_purple;it
Sabbetta;it
matteo_anesi;it
Antomar555;it
Casear_Iulius;it
HIGHprecision;en
Vicenza_Today;it
Filippopompei;it
PoliceNewsTas;en
Vasco35481906;it
TgrRaiToscana;it
CSRManagerNet;it
fedquattrocchi;it
videOasls;en
kiriosomega;it
paridemotta72;it
ZacchedduFranc1;it
GarnellSailing;it
Davide_on_a_Mac;it
EffeF61;it
AlexKensei77;it
xbici;it
fabio70AR;it
squalius;es
chiaraperte;it
allattamento;it
GiadaCanduzzi;it
lentinivince;it
gambettino;it
Roma22Sa;it
ar_cavaliere;it
fmbreakfast;it
Alessan61795171;it
EPolice15;it
bellocch;it
OnorioFerraro;it
MariellaAnziano;it
paoloigna1;it
LaSetaro;it
gia161170;en
LinoMantero;it
GFPanetta;it
ailinon80;it
frailmari;it
Patrizia1965Di;it
AiseStampa;it
rofuba;it
FederalbergVCO;it
lixmax72;it
retesoletv;it
revivalsbae;it
chruggeri;en
pierluigi56;it
SpinosoDavide;it
Mauro_Mana;it
Laziotgroma;it
ziotinotgr;it
GSchembri;it
Ninaforthedogs;it
25a1f0b80464487;it
fio65;it
orvietonews;it
HSimonetta;it
Palmyro70;it
Agenzia_Dire;it
mikyxy87;it
sushthesis;en
TernaSpA;it
KylaDawnFarls;en
nocciolone;it
silviafossiblog;it
zaynslaugh__;it
museumstrategy;en
vincenzogfg;en
BruceLeeHustl4;en
montecarlo50630;it
SjylPoliti;da
lazzarin_andrea;it
stagliacollo;it
TheRenry;it
Meta_Magazine;it
SegnalazioniSS;it
filmassari1;it
Frances29571990;it
CordelGiorno;it
orestenovazzi;it
GiuseppeMiro;it
strategicpolicy;en
menelaolemanine;it
fabioseragusa;it
dotcom_tony;en
piero062;it
settesere;it
radioadina;it
EdoardOrsi;it
Animalisti_FVG;it
raffaele0077;it
AntSagliocca;it
archiettoliber;it
vmvmarco;it
SheisGiu;it
grantomm;it
FrancyDicorato;it
sferriam;it
simba6006;it
quoquetu;it
RobertoMinerdo;it
GianassiFede;it
OttavioPirelli;it
byzio66;it
Cityrumors_it;it
IEUREPORTER;it
corrierecaserta;it
sigworld;it
giusepp90404326;it
Coccynella500;it
MirianoOttavia1;it
selly_h96;it
PARTIDAQUI;it
SantellaMarco;it
giuspaterniti;it
angelamineo14;it
r_aniello;it
EEnricoielasi;it
FederalberghiRM;it
AndreaBrandima1;it
kit960;it
LNeliana;it
retewebitalia;it
CTAMELLINI;it
Pippo_1;it
gsoricaro;en
biomillarte;it
FaenzaWebTv;it
_silviaJZ4_;it
crociangelini;it
Mafara72;it
MaraTahnee;it
massimobitonci;it
MariateresaSi;it
portentoorlando;it
canalesicilia;it
LauraGio_75;it
MarraiFrancesco;en
Bio4Expo;it
StefaniaDiBiase;it
noscros;it
109lore;it
Paolo44716751;it
andrearipa90;it
ReteComuniSIN;it
pedro_becares_;es
Augustaonline;it
Bea___gallo;it
Annagmilan;it
letz73;it
rbrencio;it
alexniculae;en-gb
ilario1900;it
FrancescoNeva;it
beria_giancarla;it
fabio_calcioli;it
gianlucaeroico;it
gera_nicoletti;it
dk768;it
marinifab;it
IMPERIATV;it
angelinabiz;it
silvio1288;it
Avramopoulos;en
ilSiberiano_;it
Twiperbole;it
1lupogrigio;it
diarioditrieste;it
DiavoloAcquasnt;it
BerniToledo;es
frafra61_rossi;it
sabrinagrelli;it
terrorfunding;en
BiogalFa;it
GramignaStrega;it
VIOLAMARTELLA46;it
Raffipaffy;it
eryka_bo;it
Loupo85;fr
pippodedo62;en
ScoutsPompiers;en
lm6sei;it
YouReporter;it
ernestobruno6;it
GDF;it
darioarpaio;en
gi11es;it
HCoastGuard;en
LaGazzettaWeb;it
edoardofaiella;it
soli1964;it
MrEfis79;it
HannesMerutti;de
angeloderosa1;it
SolomonKisskiss;it
DBotondi;it
AlePalmi82;en-gb
amdisessa;it
SpeBoccafogli;it
RavennaDintorni;it
ilpaesenuovo;it
twittodarte;it
giobettarini;it
DjVitruvian;nl
f_ottaviani;it
mimich58;it
AUGC_VALENCIA;es
Salvato31515510;it
Snoopy16466;it
siracusanews;it
AnnaNigra;it
luigi_viscusi;it
Ben82589094;it
Freedomanagemnt;en
IdoneiGdF2012;it
kyosuke009;it
MaxBlackCats;it
gianpaolobiban;it
TgVerona;it
RobertoDiRenzo1;it
RemyHerren;it
GabriPrudente;it
vitto_72;it
ilGazzettinoves;it
rbisirri;it
PlasticaVerde;it
BPtobia;it
ScrivoLibero;it
ilgattonaccio;it
comunebassano;it
MrRossini;it
mikivimo;it
bettinagalo;es
renzoferrari61;it
CryPaolo;it
clide72;it
UmbriaDomani;it
Erix_Genovese;it
BuonoClaudio;it
AlexFacchinetti;it
Weblifemedia;it
VicentePugliaAr;es
Monica_torino;it
newsrimini;it
attilioc39;it
SinnovaIT;it
GiuseppeCru7;it
Asch_63;it
StefanoLat;it
Mariucc17684432;it
HelmysWlfey;en
IlMattinoFoggia;it
pendolare67;it
becare_29;it
ItalyatOECD_ESA;en
gazambelli;it
Gennaro_DSM;it
13doule;it
RossiniPoli;it
AndFranchini;it
alebarone80;it
salvomic;it
OnTheRoad83;it
Melania52111463;it
BBInsider3;en
TgrPiemonte;it
matteocannito;it
crpiemonte;it
gabbo10000;it
RobRe62;it
metaanto;it
filotesa;it
carla_pantano;it
Virtualmypos;it
adbonanni;it
mario_catania;it
PicenoTime;it
AgiproNews;it
dottocistico;it
StoppaAntonio;it
Melogranocs;it
Montecitorio;it
nuhares;it
CasilinaNews;it
andruszka71;it
battaglia_persa;it
gpellarin84;it
marialves53;pt
marco_gmlavolpe;it
News24_it;it
Stefan0514;it
TINAGULLI1;it
robegalli;it
Ecozema_IT;it
sandripavli;en
LClovisse;en
francy1973tosi;en
37Boogie;it
Nlorisis;it
Andy72P;it
piero7912;it
aldoceccarelli;it
angelinascanu;it
lamescolanza;it
TgrMolise;it
Federmanager;it
dippolitowilma;en
democratici;it
AmodeoCesare;it
lastep440;it
corpoforestale;it
sixstrings21;en
bdg_vi;it
SusiBallabio78;it
Turiddu69;it
PallanchR;it
telebrindisiweb;it
ItalyinSerbia;it
FRANCESC0PAGANO;it
ak1010;en
VozzaAnita;it
CLamoglie;it
riccardofiorito;it
cschannel_news;it
CormacJOKeeffe;en
ildicece;it
RoxyMenty;it
ESlucegas;it
Naizarg;it
Bejonce77;it
bolartur;it
brunoforesi;it
Stefbazzi;it
ellellevercillo;it
FedeRacing88;it
filippobassato;it
dario_vito23;it
Morgaine1967;en
FNhuis;nl
sonnyscrivano;it
Luigi1957Luigi;it
parlattando;it
AliceBenacchio;it
gp_fiore;it
DEliaMichele;it
FrankZanata;it
FettucciaS;it
lucianolivieri_;it
CiPintus;it
CretellaRoberta;it
Arnatak;it
Ferdinando89;it
mdanz72;it
ZampieriChiara;it
Ciuina06;it
silviaturin;it
webnauta59;it
estensecom;it
micaleafacchini;it
demian_yexil;it
cfdp33;it
SardegnaPRadio;it
AlfonsoDinamite;it
guzmanjazmlne;en
ILBUONPASTORE;it
OrvietoTv;it
occhioacosadici;it
jromeromorgaz;en
toninoiltipo;it
MadagioPepe;en
Roma3Radio;it
janopgenoorth;en-gb
giannimacheda;it
StaletovicS;en
il_brigante07;it
casolarof;it
Arieliaghetto;it
InterpolHELPus;en
drusilla70;it
Gruppo8Marzo;it
giovannifusari;it
beamontini;en
Peschiera_r;it
GazzaNet_it;it
brindisitime;it
ilnesi;it
DossiCarla;it
pombo1976;en
patawill359;it
barbarab1974;it
ClemensMarella;it
sfbracciorosso;it
L_Torri;it
TgrSardegna;it
FraAndreozzi;it
BrindisiReport;it
sbaffato;it
ConsLomb;it
rep_bari;it
FrancyG9;it
Mediaweblife;it
StationLavaredo;it
baronegiuseppe;it
marino29b;it
HR_italian;it
patrikkka;it
autoemotodepoca;it
Andrea_Covre;it
Trinity8mm;en
tenshi355;it
AntoDiMario;it
mauro17673;it
cosimo87_d;it
TommyMediagold;it
IMorassi;it
RaiNews;it
GiorgioFaraon00;en
felicecilfone;it
caronenicola93;it
lucillalucio7;it
Carmelo_M86;it
ilariasotis;it
peppexpo;it
Nimapel75;it
alcinx;it
InfoGiordy;it
ClementeScafuro;it
CarmelaVampo;it
LaGazzetta_EN;en
Maxbar65Massimo;it
TgrRaiLazio;it
TheMusketeer8;en
DIOGENECINICO;it
ClaudiaC111;it
bio4xp;it
Cristoferbaldet;it
ecocloe;it
xblunotte;it
RuggiTita;en
barlettam769;it
giorgiopoggi81;it
PaolaCanonico1;it
GiuseppeCult;it
russo_alfio;it
StefanoLonghi2;it
ofcs_report;it
atlantide_Chris;it
marcomont90;it
ITnewsPZ;it
Vitasostenibile;it
UrbimanoOrbi;it
berlinialberto;it
sllitslien;it
extraterra62;it
martinesdavid75;it
autribunal;fr
FedeAngeli;it
spouseshl;en
RadioStudio_93;it
LAntieroe;it
serenellavasco;it
stefanocarlo2;it
maelmale;it
MorensAndrea;it
italiaxitalia;it
MEF_GOV;it
ecoallestimenti;it
dxmariella;it
FranFerrante;it
ManuPalo67;it
giordanomixxi;en
anucara;it
Bessico2;it
NativiItaliani;it
tgrvda;it
blrdmancapps;en
claudiabilli;fr
riccardiandrea1;it
DeboraSca;it
TeoMg96;it
FeliciLory;it
eleitaliana;it
Franc__es;it
DiRonzaGiacomo;it
Maury1958;it
CefarattiEnric1;it
robertoanino;it
csibologna;it
Barzaglier;it
GioRomanoTgrRai;it
valy_s;it
VaniaCecconi;it
GnnFnt;it
ChiaraDefeo;it
il_visitatore;it
fabiofrancese3;it
AMAKD301;es
OttLegalRebels;en
VinoegustoBlog;it
GioelePaglia;it
leprif;it
merryjwsuv118;en
GarauSilvana;it
LaRadioNeParla;it
direorvietonews;it
luca_podio;it
STUDIOLEGALEACP;it
LeoGuerini;it
davide_xbxb;it
gortombina;it
coccinellasf69;it
percivalgull;it
DarioNardella;it
enzo_enzofelix;en
TgrRaiPuglia;it
AmoSaletta;it
Cfm_Arpacal;it
SandroAddario;it
CO_WhiteDwarf;it
ANDAF_CFO;it
ValoreSociale;it
aranciaverde;it
lauraboldrini;it
miky_ro;it
forte_l;it
prof1976;it
Ascanio111;it
WhitewolfGori;it
napolitano1961;it
Rolfi39;it
annaric95744795;it
mondo_migliore;it
84Pablita;it
GovindaAghori;it
pos_kay;en
GrissBicocca;it
CupparoMary;it
Valelovesamanda;it
Dades74C;it
irenellas;it
isabelladichio;it
atrejurm12;en
Sirio081;it
JohannesDreijer;nl
ArcangeloMonta1;it
hotvideotweets;en
meminusyou_;it
pierrebxl;fr
LucianoLavecchi;it
ColorsSounds;it
lufabio_fs;it
FederBio;it
polycartspa;it
87Sary;it
badiagnano;it
GiaSilvestrini;it
aamaa_es;es
ilmessaggeroit;it
zenobili;it
bealucarella;it
arevmine;it
CriMartinelli16;it
c0dd6789363840e;it
signorile55;it
naspetti;it
fiabeschienrico;it
01e3feec74fe4e6;it
DottVignolo;it
MessoreSonia;it
ComitatoIdoneiN;it
TgrRaiFVG;it
fichera_d;it
rosannaprocacci;it
BelindaDi;it
PatriziaRametta;it
nicola_picardi;it
nico261991;it
Gianluca_73;en
Scorazzata;it
fabiozpp;it
wwf_taranto;it
ConnyTobermory;it
mele_nando;it
cisomgenova;it
Cate0175;it
Tg3web;it
RosannaMarani;it
MarosticaR;it
GalvaniM;it
luisaloffredo28;it
TeleRompo;it
CyberToolsBooks;en
Bettons93;en-gb
sisifosrl;it
FedericoZurzolo;it
_Carabinieri_;it
soleterramare;it
TgrRai;it
i_Charge;it
bagaf87;en
demeteritalia;it
WWFitalia;it
Andrea_Radic;it
ReTwitStorm_ita;it
MauroBarin;en
mark_nm;it
socialmiliac;it
lanzigiuseppe;it
Claudiowellphon;it
GiuseppeCrisaf1;it
napolaris_;en
MasterLex_;it
IPZS;it
betelgeuse2010;es
CelentanoLuisa;it
sohampandlt;en
Rebelli0n2k;it
Gigebi;it
scipio57;it
marconipop;it
arlettisaverio;it
tony_elias15;it
LuciaCavaliere1;it
93607bc97c2b480;it
Ecosofista;it
FabrizioRira;it
BGrisafi;it
GianLucaArtizzu;en
ToktakM0nnapat;en
Alescios;it
ponti66;it
mwa1791;it
ilgiornaledicas;it
laltraguanciama;it
livecoop;it
Cyber_Laser;it
SHIPaCARasap415;en
kukumalu76;it
gooblin73_83196;it
sonociambella;it
CULT_TIME;it
gtkd85;it
Jusfincom;it
padfrance;it
camgiaci;it
lamentedmente;it
shasyafanzia;en
marburdrava;it
paolinopapaerin;it
Ipsoa;it
Faraone2016;it
GIORGIO141068;it
ilvaglio1;it
streghina62;it
massimoisetti;it
juanan_carande;es
AlbertoIonna;it
frafree86;it
mdbroma;it
MsKateCakes206;en
MariaCarmosino;it
laurenRUTHlnger;en
AlessioFraumene;it
FalcionelliFede;it
poliziadistato;it
shawnslaught;it
sarettarm82;it
StefaniaZucc;it
mirenzo61;it
EnrichettaNegri;it
ITANIMULLI7;it
greeningmktIT;it
ripofnail;it
leccenews24;it
romanofromitaly;it
alessiabrunett;it
NewsRSN;it
infinitorenato;it
SIMARRO88;es
carincilaura;it
federicamassa3;it
gigidaco;it
PPirastu;it
unblogpolitico;it
emmazanni;it
ngRawr446;en
NoicheAmiamoFO;it
RassegnaVela;it
PeppeGiuliano;it
DavideRonni;it
OrbisTertius3;en
LuigiTaurino;it
NunezLafuen;en
MGraziaFasc;it
SiracusaTimes;it
FlaviaCorda;it
Guerradtw;it
and_bassi;it
CTraumastudies;en
rickyreys;en
gigliointi;it
Desyspillo;it
Changement71;it
miridesant;it
venjames;it
danieledvpd;it
mallardidomeni1;it
alessandro_diz;it
tulipano_anna;en
RavennaWebTV;it
CarloVeber;it
taniadigennaro;it
SaralunaT;it
lorenzosalvia;it
MassimoQuarta4;it
ossolanews;it
avantinoi;it
MariellaMaffini;it
L_Antifascista;it
maurysanche;it
roberiez;it
sutikamarina;it
GruppoCdp;it
Yennypm_81;it
stiglianopasqu1;it
GazzettaMeridio;it
grinaldi8;it
Beailesoloio;it
U_R_F_I;it
FarmaciaGreen;it
Sabrina00297634;it
mimmocoach;it
robertoabate77;en
sacchetico;it
LaurusRobuffo;it
AnnaCongelata6;it
mario_schembri;it
sisifoitalia;it
MARCANTESAVERIO;it
dakargilbert;es
Ran78;it
TgrCalabria;it
PClemente68;it
benny2216;it
sandrarouge68;it
NOVLTeNOGRATTIN;it
GIUSEPP80600779;it
RossanaSanavio;en
phlcgn;it
ANDREAZANETTIN;it
paolopuglisi50;it
SalvoMandara;it
PierMaran;it
mgmalacrida;it
Titasista;en
nevercameback;en
partnerdigitale;it
sarvexit;it
PierFra100;it
lapiazzaweb;it
frax76_;en
VerbaniaNotizie;it
CreeEdge;it
twMirandolina;it
tine_10e;en
Ljuba2000;it
Cheru65;it
jacop_etti;it
Brunellaaaa_;it
daniele17121972;it
CampioniGianni;it
MarcoPizzi14;it
apamcyl;es
Mauro5514;it
DnlCsz;it
PendolariRMNord;en
tamaradandria;en
DarioProietti1;fr
StampToscana;it
Pagliarafabio;it
SamperiB;it
rafgri70;it
lorenzo13805;it
gicvd;it
2014Monaco;it
trincherov;it
giambarombi;it
bioqualita_;it
